#term ID,term description,observed gene count,background gene count,strength,false discovery rate,matching proteins in your network (IDs),matching proteins in your network (labels)
GO:0000932,P-body,3,81,1.78,0.00049,"9606.ENSP00000356669,9606.ENSP00000362179,9606.ENSP00000362774","RC3H1,ZC3H12A,RC3H2"
GO:0032449,CBM complex,2,4,2.91,0.00049,"9606.ENSP00000319279,9606.ENSP00000359612","MALT1,BCL10"
GO:0043232,intracellular non-membrane-bounded organelle,10,4005,0.61,0.00049,"9606.ENSP00000221452,9606.ENSP00000262384,9606.ENSP00000319279,9606.ENSP00000356669,9606.ENSP00000359612,9606.ENSP00000362179,9606.ENSP00000362774,9606.ENSP00000378400,9606.ENSP00000392025,9606.ENSP00000482657","RELB,N4BP1,MALT1,RC3H1,BCL10,ZC3H12A,RC3H2,LIMA1,CYLD,MAP3K14"
GO:0001650,fibrillar center,2,136,1.38,0.0416,"9606.ENSP00000319279,9606.ENSP00000482657","MALT1,MAP3K14"
GO:0005829,cytosol,8,4958,0.42,0.0416,"9606.ENSP00000221452,9606.ENSP00000319279,9606.ENSP00000348632,9606.ENSP00000359612,9606.ENSP00000378400,9606.ENSP00000392025,9606.ENSP00000481570,9606.ENSP00000482657","RELB,MALT1,RBCK1,BCL10,LIMA1,CYLD,TNFAIP3,MAP3K14"