#term ID,term description,observed gene count,background gene count,strength,false discovery rate,matching proteins in your network (IDs),matching proteins in your network (labels)
GO:0000932,P-body,4,81,1.71,0.00013,"9606.ENSP00000356669,9606.ENSP00000362179,9606.ENSP00000362774,9606.ENSP00000386616","RC3H1,ZC3H12A,RC3H2,ZC3H12D"
GO:0032449,CBM complex,2,4,2.71,0.00072,"9606.ENSP00000319279,9606.ENSP00000359612","MALT1,BCL10"
GO:0043232,intracellular non-membrane-bounded organelle,12,4005,0.49,0.0014,"9606.ENSP00000221452,9606.ENSP00000262384,9606.ENSP00000319279,9606.ENSP00000349458,9606.ENSP00000356669,9606.ENSP00000359612,9606.ENSP00000362179,9606.ENSP00000362774,9606.ENSP00000378400,9606.ENSP00000386616,9606.ENSP00000392025,9606.ENSP00000482657","RELB,N4BP1,MALT1,ICK,RC3H1,BCL10,ZC3H12A,RC3H2,LIMA1,ZC3H12D,CYLD,MAP3K14"
GO:0001650,fibrillar center,3,136,1.36,0.0048,"9606.ENSP00000319279,9606.ENSP00000349458,9606.ENSP00000482657","MALT1,ICK,MAP3K14"
GO:0005829,cytosol,12,4958,0.4,0.0075,"9606.ENSP00000221452,9606.ENSP00000286186,9606.ENSP00000319279,9606.ENSP00000348632,9606.ENSP00000349458,9606.ENSP00000359612,9606.ENSP00000368215,9606.ENSP00000376505,9606.ENSP00000378400,9606.ENSP00000392025,9606.ENSP00000481570,9606.ENSP00000482657","RELB,CASP10,MALT1,RBCK1,ICK,BCL10,TAB3,TANK,LIMA1,CYLD,TNFAIP3,MAP3K14"
GO:0097542,ciliary tip,2,46,1.65,0.0118,"9606.ENSP00000349458,9606.ENSP00000392025","ICK,CYLD"
GO:0005737,cytoplasm,17,11238,0.19,0.0314,"9606.ENSP00000221452,9606.ENSP00000271417,9606.ENSP00000286186,9606.ENSP00000319279,9606.ENSP00000348632,9606.ENSP00000349458,9606.ENSP00000356669,9606.ENSP00000359612,9606.ENSP00000362179,9606.ENSP00000362774,9606.ENSP00000368215,9606.ENSP00000376505,9606.ENSP00000378400,9606.ENSP00000386616,9606.ENSP00000392025,9606.ENSP00000481570,9606.ENSP00000482657","RELB,ILDR2,CASP10,MALT1,RBCK1,ICK,RC3H1,BCL10,ZC3H12A,RC3H2,TAB3,TANK,LIMA1,ZC3H12D,CYLD,TNFAIP3,MAP3K14"